Country,ISO3,Year,Metric
Afghanistan,AFG,2015,120000.0
Afghanistan,AFG,2016,130000.0
Afghanistan,AFG,2017,140000.0
Afghanistan,AFG,2018,150000.0
Afghanistan,AFG,2019,170000.0
Afghanistan,AFG,2020,160000.0
Afghanistan,AFG,2021,170000.0
Afghanistan,AFG,2022,170000.0
Afghanistan,AFG,2023,170000.0
Albania,ALB,2015,460.0
Albania,ALB,2016,450.0
Albania,ALB,2017,460.0
Albania,ALB,2018,450.0
Albania,ALB,2019,490.0
Albania,ALB,2020,320.0
Albania,ALB,2021,380.0
Albania,ALB,2022,410.0
Albania,ALB,2023,380.0
Algeria,DZA,2015,27000.0
Algeria,DZA,2016,27000.0
Algeria,DZA,2017,25000.0
Algeria,DZA,2018,24000.0
Algeria,DZA,2019,21000.0
Algeria,DZA,2020,16000.0
Algeria,DZA,2021,18000.0
Algeria,DZA,2022,19000.0
Algeria,DZA,2023,18000.0
Angola,AGO,2015,100000.0
Angola,AGO,2016,110000.0
Angola,AGO,2017,98000.0
Angola,AGO,2018,120000.0
Angola,AGO,2019,140000.0
Angola,AGO,2020,120000.0
Angola,AGO,2021,120000.0
Angola,AGO,2022,130000.0
Angola,AGO,2023,120000.0
Argentina,ARG,2015,11000.0
Argentina,ARG,2016,11000.0
Argentina,ARG,2017,11000.0
Argentina,ARG,2018,12000.0
Argentina,ARG,2019,14000.0
Argentina,ARG,2020,12000.0
Argentina,ARG,2021,16000.0
Argentina,ARG,2022,16000.0
Argentina,ARG,2023,19000.0
Armenia,ARM,2015,1100.0
Armenia,ARM,2016,1100.0
Armenia,ARM,2017,890.0
Armenia,ARM,2018,710.0
Armenia,ARM,2019,650.0
Armenia,ARM,2020,520.0
Armenia,ARM,2021,550.0
Armenia,ARM,2022,610.0
Armenia,ARM,2023,480.0
Aruba,ABW,2015,
Aruba,ABW,2016,16.0
Aruba,ABW,2017,3.6
Aruba,ABW,2018,8.9
Aruba,ABW,2019,1.8
Aruba,ABW,2020,1.8
Aruba,ABW,2021,11.0
Aruba,ABW,2022,8.9
Aruba,ABW,2023,
Australia,AUS,2015,1000.0
Australia,AUS,2016,1100.0
Australia,AUS,2017,1100.0
Australia,AUS,2018,1200.0
Australia,AUS,2019,1200.0
Australia,AUS,2020,1200.0
Australia,AUS,2021,1100.0
Australia,AUS,2022,1000.0
Australia,AUS,2023,1200.0
Austria,AUT,2015,450.0
Austria,AUT,2016,470.0
Austria,AUT,2017,450.0
Austria,AUT,2018,370.0
Austria,AUT,2019,360.0
Austria,AUT,2020,310.0
Austria,AUT,2021,310.0
Austria,AUT,2022,340.0
Austria,AUT,2023,360.0
Azerbaijan,AZE,2015,8800.0
Azerbaijan,AZE,2016,8500.0
Azerbaijan,AZE,2017,11000.0
Azerbaijan,AZE,2018,10000.0
Azerbaijan,AZE,2019,9800.0
Azerbaijan,AZE,2020,7800.0
Azerbaijan,AZE,2021,8300.0
Azerbaijan,AZE,2022,9100.0
Azerbaijan,AZE,2023,9200.0
Bahamas,BHS,2015,68.0
Bahamas,BHS,2016,100.0
Bahamas,BHS,2017,36.0
Bahamas,BHS,2018,41.0
Bahamas,BHS,2019,52.0
Bahamas,BHS,2020,48.0
Bahamas,BHS,2021,27.0
Bahamas,BHS,2022,39.0
Bahamas,BHS,2023,14.0
Bahrain,BHR,2015,
Bahrain,BHR,2016,390.0
Bahrain,BHR,2017,360.0
Bahrain,BHR,2018,360.0
Bahrain,BHR,2019,450.0
Bahrain,BHR,2020,470.0
Bahrain,BHR,2021,530.0
Bahrain,BHR,2022,460.0
Bahrain,BHR,2023,450.0
Bangladesh,BGD,2015,360000.0
Bangladesh,BGD,2016,400000.0
Bangladesh,BGD,2017,450000.0
Bangladesh,BGD,2018,480000.0
Bangladesh,BGD,2019,520000.0
Bangladesh,BGD,2020,440000.0
Bangladesh,BGD,2021,610000.0
Bangladesh,BGD,2022,450000.0
Bangladesh,BGD,2023,530000.0
Barbados,BRB,2015,0.0
Barbados,BRB,2016,5.2
Barbados,BRB,2017,0.0
Barbados,BRB,2018,1.7
Barbados,BRB,2019,0.0
Barbados,BRB,2020,5.2
Barbados,BRB,2021,1.7
Barbados,BRB,2022,8.7
Barbados,BRB,2023,3.5
Belarus,BLR,2015,2900.0
Belarus,BLR,2016,2500.0
Belarus,BLR,2017,2300.0
Belarus,BLR,2018,2100.0
Belarus,BLR,2019,2100.0
Belarus,BLR,2020,1400.0
Belarus,BLR,2021,1400.0
Belarus,BLR,2022,1600.0
Belarus,BLR,2023,1500.0
Belgium,BEL,2015,690.0
Belgium,BEL,2016,710.0
Belgium,BEL,2017,690.0
Belgium,BEL,2018,680.0
Belgium,BEL,2019,690.0
Belgium,BEL,2020,590.0
Belgium,BEL,2021,640.0
Belgium,BEL,2022,600.0
Belgium,BEL,2023,190.0
Belize,BLZ,2015,110.0
Belize,BLZ,2016,170.0
Belize,BLZ,2017,190.0
Belize,BLZ,2018,150.0
Belize,BLZ,2019,180.0
Belize,BLZ,2020,180.0
Belize,BLZ,2021,150.0
Belize,BLZ,2022,160.0
Belize,BLZ,2023,190.0
Benin,BEN,2015,13000.0
Benin,BEN,2016,13000.0
Benin,BEN,2017,12000.0
Benin,BEN,2018,13000.0
Benin,BEN,2019,14000.0
Benin,BEN,2020,13000.0
Benin,BEN,2021,13000.0
Benin,BEN,2022,14000.0
Benin,BEN,2023,14000.0
Bermuda,BMU,2015,0.0
Bermuda,BMU,2016,2.3
Bermuda,BMU,2017,1.2
Bermuda,BMU,2018,2.3
Bermuda,BMU,2019,1.2
Bermuda,BMU,2020,3.5
Bermuda,BMU,2021,2.3
Bermuda,BMU,2022,0.0
Bermuda,BMU,2023,2.3
Bhutan,BTN,2015,1500.0
Bhutan,BTN,2016,1500.0
Bhutan,BTN,2017,1500.0
Bhutan,BTN,2018,1500.0
Bhutan,BTN,2019,1800.0
Bhutan,BTN,2020,1700.0
Bhutan,BTN,2021,1600.0
Bhutan,BTN,2022,1500.0
Bhutan,BTN,2023,1700.0
Bolivia (Plurinational State of),BOL,2015,13000.0
Bolivia (Plurinational State of),BOL,2016,13000.0
Bolivia (Plurinational State of),BOL,2017,13000.0
Bolivia (Plurinational State of),BOL,2018,13000.0
Bolivia (Plurinational State of),BOL,2019,13000.0
Bolivia (Plurinational State of),BOL,2020,11000.0
Bolivia (Plurinational State of),BOL,2021,13000.0
Bolivia (Plurinational State of),BOL,2022,15000.0
Bolivia (Plurinational State of),BOL,2023,17000.0
Bosnia and Herzegovina,BIH,2015,1600.0
Bosnia and Herzegovina,BIH,2016,1400.0
Bosnia and Herzegovina,BIH,2017,1100.0
Bosnia and Herzegovina,BIH,2018,1100.0
Bosnia and Herzegovina,BIH,2019,840.0
Bosnia and Herzegovina,BIH,2020,570.0
Bosnia and Herzegovina,BIH,2021,670.0
Bosnia and Herzegovina,BIH,2022,880.0
Bosnia and Herzegovina,BIH,2023,910.0
Botswana,BWA,2015,5000.0
Botswana,BWA,2016,5500.0
Botswana,BWA,2017,5000.0
Botswana,BWA,2018,2400.0
Botswana,BWA,2019,1400.0
Botswana,BWA,2020,2400.0
Botswana,BWA,2021,3200.0
Botswana,BWA,2022,2700.0
Botswana,BWA,2023,3500.0
Brazil,BRA,2015,110000.0
Brazil,BRA,2016,110000.0
Brazil,BRA,2017,110000.0
Brazil,BRA,2018,120000.0
Brazil,BRA,2019,120000.0
Brazil,BRA,2020,110000.0
Brazil,BRA,2021,110000.0
Brazil,BRA,2022,130000.0
Brazil,BRA,2023,140000.0
Brunei Darussalam,BRN,2015,780.0
Brunei Darussalam,BRN,2016,820.0
Brunei Darussalam,BRN,2017,820.0
Brunei Darussalam,BRN,2018,920.0
Brunei Darussalam,BRN,2019,950.0
Brunei Darussalam,BRN,2020,1100.0
Brunei Darussalam,BRN,2021,810.0
Brunei Darussalam,BRN,2022,740.0
Brunei Darussalam,BRN,2023,760.0
Bulgaria,BGR,2015,970.0
Bulgaria,BGR,2016,950.0
Bulgaria,BGR,2017,870.0
Bulgaria,BGR,2018,770.0
Bulgaria,BGR,2019,790.0
Bulgaria,BGR,2020,550.0
Bulgaria,BGR,2021,450.0
Bulgaria,BGR,2022,470.0
Bulgaria,BGR,2023,530.0
Burkina Faso,BFA,2015,19000.0
Burkina Faso,BFA,2016,18000.0
Burkina Faso,BFA,2017,18000.0
Burkina Faso,BFA,2018,19000.0
Burkina Faso,BFA,2019,16000.0
Burkina Faso,BFA,2020,18000.0
Burkina Faso,BFA,2021,22000.0
Burkina Faso,BFA,2022,24000.0
Burkina Faso,BFA,2023,28000.0
Burundi,BDI,2015,16000.0
Burundi,BDI,2016,17000.0
Burundi,BDI,2017,17000.0
Burundi,BDI,2018,16000.0
Burundi,BDI,2019,15000.0
Burundi,BDI,2020,17000.0
Burundi,BDI,2021,16000.0
Burundi,BDI,2022,17000.0
Burundi,BDI,2023,18000.0
Cabo Verde,CPV,2015,600.0
Cabo Verde,CPV,2016,570.0
Cabo Verde,CPV,2017,540.0
Cabo Verde,CPV,2018,460.0
Cabo Verde,CPV,2019,470.0
Cabo Verde,CPV,2020,480.0
Cabo Verde,CPV,2021,460.0
Cabo Verde,CPV,2022,330.0
Cabo Verde,CPV,2023,470.0
Cambodia,KHM,2015,37000.0
Cambodia,KHM,2016,39000.0
Cambodia,KHM,2017,41000.0
Cambodia,KHM,2018,34000.0
Cambodia,KHM,2019,36000.0
Cambodia,KHM,2020,36000.0
Cambodia,KHM,2021,26000.0
Cambodia,KHM,2022,44000.0
Cambodia,KHM,2023,46000.0
Cameroon,CMR,2015,62000.0
Cameroon,CMR,2016,59000.0
Cameroon,CMR,2017,55000.0
Cameroon,CMR,2018,55000.0
Cameroon,CMR,2019,59000.0
Cameroon,CMR,2020,56000.0
Cameroon,CMR,2021,57000.0
Cameroon,CMR,2022,66000.0
Cameroon,CMR,2023,66000.0
Canada,CAN,2015,1200.0
Canada,CAN,2016,1500.0
Canada,CAN,2017,1600.0
Canada,CAN,2018,1500.0
Canada,CAN,2019,1500.0
Canada,CAN,2020,1300.0
Canada,CAN,2021,1100.0
Canada,CAN,2022,1100.0
Canada,CAN,2023,1900.0
Central African Republic,CAF,2015,23000.0
Central African Republic,CAF,2016,24000.0
Central African Republic,CAF,2017,23000.0
Central African Republic,CAF,2018,24000.0
Central African Republic,CAF,2019,29000.0
Central African Republic,CAF,2020,30000.0
Central African Republic,CAF,2021,31000.0
Central African Republic,CAF,2022,33000.0
Central African Republic,CAF,2023,35000.0
Chad,TCD,2015,25000.0
Chad,TCD,2016,22000.0
Chad,TCD,2017,24000.0
Chad,TCD,2018,26000.0
Chad,TCD,2019,31000.0
Chad,TCD,2020,35000.0
Chad,TCD,2021,38000.0
Chad,TCD,2022,42000.0
Chad,TCD,2023,51000.0
Chile,CHL,2015,3400.0
Chile,CHL,2016,3500.0
Chile,CHL,2017,3900.0
Chile,CHL,2018,4100.0
Chile,CHL,2019,4300.0
Chile,CHL,2020,3400.0
Chile,CHL,2021,3800.0
Chile,CHL,2022,4200.0
Chile,CHL,2023,4700.0
China,CHN,2015,530000.0
China,CHN,2016,510000.0
China,CHN,2017,530000.0
China,CHN,2018,630000.0
China,CHN,2019,730000.0
China,CHN,2020,740000.0
China,CHN,2021,730000.0
China,CHN,2022,660000.0
China,CHN,2023,810000.0
"China, Hong Kong SAR",HKG,2015,3700.0
"China, Hong Kong SAR",HKG,2016,3900.0
"China, Hong Kong SAR",HKG,2017,4300.0
"China, Hong Kong SAR",HKG,2018,5200.0
"China, Hong Kong SAR",HKG,2019,4500.0
"China, Hong Kong SAR",HKG,2020,4100.0
"China, Hong Kong SAR",HKG,2021,4200.0
"China, Hong Kong SAR",HKG,2022,3700.0
"China, Hong Kong SAR",HKG,2023,3800.0
"China, Macao SAR",MAC,2015,520.0
"China, Macao SAR",MAC,2016,480.0
"China, Macao SAR",MAC,2017,540.0
"China, Macao SAR",MAC,2018,460.0
"China, Macao SAR",MAC,2019,520.0
"China, Macao SAR",MAC,2020,490.0
"China, Macao SAR",MAC,2021,470.0
"China, Macao SAR",MAC,2022,440.0
"China, Macao SAR",MAC,2023,490.0
Colombia,COL,2015,19000.0
Colombia,COL,2016,20000.0
Colombia,COL,2017,21000.0
Colombia,COL,2018,21000.0
Colombia,COL,2019,23000.0
Colombia,COL,2020,17000.0
Colombia,COL,2021,20000.0
Colombia,COL,2022,28000.0
Colombia,COL,2023,36000.0
Comoros,COM,2015,
Comoros,COM,2016,300.0
Comoros,COM,2017,220.0
Comoros,COM,2018,210.0
Comoros,COM,2019,210.0
Comoros,COM,2020,220.0
Comoros,COM,2021,290.0
Comoros,COM,2022,210.0
Comoros,COM,2023,220.0
Congo,COG,2015,12000.0
Congo,COG,2016,11000.0
Congo,COG,2017,12000.0
Congo,COG,2018,12000.0
Congo,COG,2019,13000.0
Congo,COG,2020,13000.0
Congo,COG,2021,15000.0
Congo,COG,2022,18000.0
Congo,COG,2023,23000.0
Costa Rica,CRI,2015,570.0
Costa Rica,CRI,2016,640.0
Costa Rica,CRI,2017,650.0
Costa Rica,CRI,2018,710.0
Costa Rica,CRI,2019,690.0
Costa Rica,CRI,2020,570.0
Costa Rica,CRI,2021,620.0
Costa Rica,CRI,2022,670.0
Costa Rica,CRI,2023,820.0
Côte d'Ivoire,CIV,2015,51000.0
Côte d'Ivoire,CIV,2016,49000.0
Côte d'Ivoire,CIV,2017,49000.0
Côte d'Ivoire,CIV,2018,49000.0
Côte d'Ivoire,CIV,2019,51000.0
Côte d'Ivoire,CIV,2020,46000.0
Côte d'Ivoire,CIV,2021,52000.0
Côte d'Ivoire,CIV,2022,57000.0
Côte d'Ivoire,CIV,2023,57000.0
Croatia,HRV,2015,650.0
Croatia,HRV,2016,410.0
Croatia,HRV,2017,490.0
Croatia,HRV,2018,510.0
Croatia,HRV,2019,410.0
Croatia,HRV,2020,240.0
Croatia,HRV,2021,220.0
Croatia,HRV,2022,270.0
Croatia,HRV,2023,370.0
Cuba,CUB,2015,830.0
Cuba,CUB,2016,780.0
Cuba,CUB,2017,830.0
Cuba,CUB,2018,840.0
Cuba,CUB,2019,850.0
Cuba,CUB,2020,670.0
Cuba,CUB,2021,570.0
Cuba,CUB,2022,840.0
Cuba,CUB,2023,900.0
Cyprus,CYP,2015,71.0
Cyprus,CYP,2016,61.0
Cyprus,CYP,2017,65.0
Cyprus,CYP,2018,58.0
Cyprus,CYP,2019,83.0
Cyprus,CYP,2020,41.0
Cyprus,CYP,2021,60.0
Cyprus,CYP,2022,120.0
Cyprus,CYP,2023,91.0
Czechia,CZE,2015,470.0
Czechia,CZE,2016,460.0
Czechia,CZE,2017,460.0
Czechia,CZE,2018,430.0
Czechia,CZE,2019,460.0
Czechia,CZE,2020,340.0
Czechia,CZE,2021,350.0
Czechia,CZE,2022,380.0
Czechia,CZE,2023,450.0
Democratic People's Republic of Korea,PRK,2015,130000.0
Democratic People's Republic of Korea,PRK,2016,130000.0
Democratic People's Republic of Korea,PRK,2017,110000.0
Democratic People's Republic of Korea,PRK,2018,100000.0
Democratic People's Republic of Korea,PRK,2019,110000.0
Democratic People's Republic of Korea,PRK,2020,84000.0
Democratic People's Republic of Korea,PRK,2021,92000.0
Democratic People's Republic of Korea,PRK,2022,82000.0
Democratic People's Republic of Korea,PRK,2023,66000.0
Democratic Republic of the Congo,COD,2015,320000.0
Democratic Republic of the Congo,COD,2016,350000.0
Democratic Republic of the Congo,COD,2017,390000.0
Democratic Republic of the Congo,COD,2018,430000.0
Democratic Republic of the Congo,COD,2019,450000.0
Democratic Republic of the Congo,COD,2020,510000.0
Democratic Republic of the Congo,COD,2021,520000.0
Democratic Republic of the Congo,COD,2022,570000.0
Democratic Republic of the Congo,COD,2023,590000.0
Denmark,DNK,2015,220.0
Denmark,DNK,2016,190.0
Denmark,DNK,2017,160.0
Denmark,DNK,2018,170.0
Denmark,DNK,2019,180.0
Denmark,DNK,2020,140.0
Denmark,DNK,2021,120.0
Denmark,DNK,2022,140.0
Denmark,DNK,2023,110.0
Djibouti,DJI,2015,5500.0
Djibouti,DJI,2016,5600.0
Djibouti,DJI,2017,5000.0
Djibouti,DJI,2018,4900.0
Djibouti,DJI,2019,4500.0
Djibouti,DJI,2020,3600.0
Djibouti,DJI,2021,4100.0
Djibouti,DJI,2022,5000.0
Djibouti,DJI,2023,
Dominican Republic,DOM,2015,5400.0
Dominican Republic,DOM,2016,4600.0
Dominican Republic,DOM,2017,4100.0
Dominican Republic,DOM,2018,4100.0
Dominican Republic,DOM,2019,4300.0
Dominican Republic,DOM,2020,3400.0
Dominican Republic,DOM,2021,4400.0
Dominican Republic,DOM,2022,5500.0
Dominican Republic,DOM,2023,5500.0
Ecuador,ECU,2015,10000.0
Ecuador,ECU,2016,10000.0
Ecuador,ECU,2017,11000.0
Ecuador,ECU,2018,12000.0
Ecuador,ECU,2019,12000.0
Ecuador,ECU,2020,10000.0
Ecuador,ECU,2021,11000.0
Ecuador,ECU,2022,14000.0
Ecuador,ECU,2023,16000.0
Egypt,EGY,2015,12000.0
Egypt,EGY,2016,11000.0
Egypt,EGY,2017,11000.0
Egypt,EGY,2018,12000.0
Egypt,EGY,2019,12000.0
Egypt,EGY,2020,10000.0
Egypt,EGY,2021,10000.0
Egypt,EGY,2022,11000.0
Egypt,EGY,2023,14000.0
El Salvador,SLV,2015,5300.0
El Salvador,SLV,2016,6500.0
El Salvador,SLV,2017,8400.0
El Salvador,SLV,2018,8000.0
El Salvador,SLV,2019,6400.0
El Salvador,SLV,2020,4300.0
El Salvador,SLV,2021,3800.0
El Salvador,SLV,2022,5200.0
El Salvador,SLV,2023,9100.0
Equatorial Guinea,GNQ,2015,3500.0
Equatorial Guinea,GNQ,2016,3500.0
Equatorial Guinea,GNQ,2017,3700.0
Equatorial Guinea,GNQ,2018,3300.0
Equatorial Guinea,GNQ,2019,3700.0
Equatorial Guinea,GNQ,2020,3700.0
Equatorial Guinea,GNQ,2021,4100.0
Equatorial Guinea,GNQ,2022,6300.0
Equatorial Guinea,GNQ,2023,9800.0
Eritrea,ERI,2015,2900.0
Eritrea,ERI,2016,3000.0
Eritrea,ERI,2017,2800.0
Eritrea,ERI,2018,2600.0
Eritrea,ERI,2019,2900.0
Eritrea,ERI,2020,2700.0
Eritrea,ERI,2021,2500.0
Eritrea,ERI,2022,2800.0
Eritrea,ERI,2023,3100.0
Estonia,EST,2015,200.0
Estonia,EST,2016,180.0
Estonia,EST,2017,170.0
Estonia,EST,2018,150.0
Estonia,EST,2019,150.0
Estonia,EST,2020,130.0
Estonia,EST,2021,110.0
Estonia,EST,2022,130.0
Estonia,EST,2023,110.0
Eswatini,SWZ,2015,7400.0
Eswatini,SWZ,2016,6600.0
Eswatini,SWZ,2017,6300.0
Eswatini,SWZ,2018,5400.0
Eswatini,SWZ,2019,5300.0
Eswatini,SWZ,2020,3400.0
Eswatini,SWZ,2021,2900.0
Eswatini,SWZ,2022,3500.0
Eswatini,SWZ,2023,3200.0
Ethiopia,ETH,2015,180000.0
Ethiopia,ETH,2016,170000.0
Ethiopia,ETH,2017,160000.0
Ethiopia,ETH,2018,170000.0
Ethiopia,ETH,2019,170000.0
Ethiopia,ETH,2020,170000.0
Ethiopia,ETH,2021,170000.0
Ethiopia,ETH,2022,190000.0
Ethiopia,ETH,2023,220000.0
Fiji,FJI,2015,540.0
Fiji,FJI,2016,430.0
Fiji,FJI,2017,480.0
Fiji,FJI,2018,490.0
Fiji,FJI,2019,460.0
Fiji,FJI,2020,430.0
Fiji,FJI,2021,470.0
Fiji,FJI,2022,540.0
Fiji,FJI,2023,520.0
Finland,FIN,2015,160.0
Finland,FIN,2016,130.0
Finland,FIN,2017,140.0
Finland,FIN,2018,140.0
Finland,FIN,2019,140.0
Finland,FIN,2020,110.0
Finland,FIN,2021,110.0
Finland,FIN,2022,120.0
Finland,FIN,2023,100.0
France,FRA,2015,2800.0
France,FRA,2016,2700.0
France,FRA,2017,2800.0
France,FRA,2018,2800.0
France,FRA,2019,2500.0
France,FRA,2020,2400.0
France,FRA,2021,2100.0
France,FRA,2022,2100.0
France,FRA,2023,2500.0
Gabon,GAB,2015,8400.0
Gabon,GAB,2016,7100.0
Gabon,GAB,2017,6800.0
Gabon,GAB,2018,7400.0
Gabon,GAB,2019,7600.0
Gabon,GAB,2020,11000.0
Gabon,GAB,2021,7600.0
Gabon,GAB,2022,12000.0
Gabon,GAB,2023,11000.0
Gambia,GMB,2015,10000.0
Gambia,GMB,2016,9800.0
Gambia,GMB,2017,9700.0
Gambia,GMB,2018,10000.0
Gambia,GMB,2019,11000.0
Gambia,GMB,2020,10000.0
Gambia,GMB,2021,11000.0
Gambia,GMB,2022,13000.0
Gambia,GMB,2023,15000.0
Georgia,GEO,2015,4700.0
Georgia,GEO,2016,4600.0
Georgia,GEO,2017,4100.0
Georgia,GEO,2018,3700.0
Georgia,GEO,2019,3600.0
Georgia,GEO,2020,2800.0
Georgia,GEO,2021,2600.0
Georgia,GEO,2022,2600.0
Georgia,GEO,2023,2400.0
Germany,DEU,2015,3700.0
Germany,DEU,2016,3700.0
Germany,DEU,2017,3500.0
Germany,DEU,2018,3500.0
Germany,DEU,2019,3100.0
Germany,DEU,2020,2800.0
Germany,DEU,2021,2600.0
Germany,DEU,2022,2800.0
Germany,DEU,2023,3200.0
Ghana,GHA,2015,22000.0
Ghana,GHA,2016,21000.0
Ghana,GHA,2017,22000.0
Ghana,GHA,2018,23000.0
Ghana,GHA,2019,25000.0
Ghana,GHA,2020,23000.0
Ghana,GHA,2021,25000.0
Ghana,GHA,2022,32000.0
Ghana,GHA,2023,37000.0
Greece,GRC,2015,480.0
Greece,GRC,2016,460.0
Greece,GRC,2017,460.0
Greece,GRC,2018,380.0
Greece,GRC,2019,450.0
Greece,GRC,2020,460.0
Greece,GRC,2021,220.0
Greece,GRC,2022,350.0
Greece,GRC,2023,580.0
Guatemala,GTM,2015,9300.0
Guatemala,GTM,2016,9200.0
Guatemala,GTM,2017,10000.0
Guatemala,GTM,2018,9700.0
Guatemala,GTM,2019,10000.0
Guatemala,GTM,2020,7800.0
Guatemala,GTM,2021,8500.0
Guatemala,GTM,2022,12000.0
Guatemala,GTM,2023,13000.0
Guinea,GIN,2015,41000.0
Guinea,GIN,2016,41000.0
Guinea,GIN,2017,40000.0
Guinea,GIN,2018,43000.0
Guinea,GIN,2019,46000.0
Guinea,GIN,2020,45000.0
Guinea,GIN,2021,54000.0
Guinea,GIN,2022,59000.0
Guinea,GIN,2023,57000.0
Guinea-Bissau,GNB,2015,8300.0
Guinea-Bissau,GNB,2016,9800.0
Guinea-Bissau,GNB,2017,9800.0
Guinea-Bissau,GNB,2018,8800.0
Guinea-Bissau,GNB,2019,11000.0
Guinea-Bissau,GNB,2020,12000.0
Guinea-Bissau,GNB,2021,12000.0
Guinea-Bissau,GNB,2022,14000.0
Guinea-Bissau,GNB,2023,13000.0
Guyana,GUY,2015,750.0
Guyana,GUY,2016,880.0
Guyana,GUY,2017,810.0
Guyana,GUY,2018,890.0
Guyana,GUY,2019,870.0
Guyana,GUY,2020,520.0
Guyana,GUY,2021,700.0
Guyana,GUY,2022,490.0
Guyana,GUY,2023,600.0
Haiti,HTI,2015,36000.0
Haiti,HTI,2016,35000.0
Haiti,HTI,2017,33000.0
Haiti,HTI,2018,30000.0
Haiti,HTI,2019,30000.0
Haiti,HTI,2020,25000.0
Haiti,HTI,2021,24000.0
Haiti,HTI,2022,26000.0
Haiti,HTI,2023,28000.0
Honduras,HND,2015,5900.0
Honduras,HND,2016,5900.0
Honduras,HND,2017,6000.0
Honduras,HND,2018,6300.0
Honduras,HND,2019,5500.0
Honduras,HND,2020,4400.0
Honduras,HND,2021,4700.0
Honduras,HND,2022,5300.0
Honduras,HND,2023,6200.0
Hungary,HUN,2015,520.0
Hungary,HUN,2016,490.0
Hungary,HUN,2017,420.0
Hungary,HUN,2018,440.0
Hungary,HUN,2019,370.0
Hungary,HUN,2020,250.0
Hungary,HUN,2021,230.0
Hungary,HUN,2022,320.0
Hungary,HUN,2023,440.0
Iceland,ISL,2015,4.5
Iceland,ISL,2016,7.5
Iceland,ISL,2017,12.0
Iceland,ISL,2018,4.5
Iceland,ISL,2019,6.0
Iceland,ISL,2020,7.5
Iceland,ISL,2021,7.5
Iceland,ISL,2022,13.0
Iceland,ISL,2023,13.0
India,IND,2015,2800000.0
India,IND,2016,3000000.0
India,IND,2017,3100000.0
India,IND,2018,2800000.0
India,IND,2019,3100000.0
India,IND,2020,2000000.0
India,IND,2021,3100000.0
India,IND,2022,3500000.0
India,IND,2023,3600000.0
Indonesia,IDN,2015,530000.0
Indonesia,IDN,2016,530000.0
Indonesia,IDN,2017,580000.0
Indonesia,IDN,2018,630000.0
Indonesia,IDN,2019,710000.0
Indonesia,IDN,2020,500000.0
Indonesia,IDN,2021,600000.0
Indonesia,IDN,2022,960000.0
Indonesia,IDN,2023,1100000.0
Iran (Islamic Republic of),IRN,2015,14000.0
Iran (Islamic Republic of),IRN,2016,12000.0
Iran (Islamic Republic of),IRN,2017,11000.0
Iran (Islamic Republic of),IRN,2018,12000.0
Iran (Islamic Republic of),IRN,2019,13000.0
Iran (Islamic Republic of),IRN,2020,7800.0
Iran (Islamic Republic of),IRN,2021,9800.0
Iran (Islamic Republic of),IRN,2022,12000.0
Iran (Islamic Republic of),IRN,2023,12000.0
Iraq,IRQ,2015,15000.0
Iraq,IRQ,2016,14000.0
Iraq,IRQ,2017,14000.0
Iraq,IRQ,2018,12000.0
Iraq,IRQ,2019,11000.0
Iraq,IRQ,2020,9100.0
Iraq,IRQ,2021,11000.0
Iraq,IRQ,2022,13000.0
Iraq,IRQ,2023,12000.0
Ireland,IRL,2015,250.0
Ireland,IRL,2016,280.0
Ireland,IRL,2017,280.0
Ireland,IRL,2018,300.0
Ireland,IRL,2019,270.0
Ireland,IRL,2020,240.0
Ireland,IRL,2021,200.0
Ireland,IRL,2022,160.0
Ireland,IRL,2023,200.0
Israel,ISR,2015,320.0
Israel,ISR,2016,270.0
Israel,ISR,2017,260.0
Israel,ISR,2018,320.0
Israel,ISR,2019,220.0
Israel,ISR,2020,180.0
Israel,ISR,2021,210.0
Israel,ISR,2022,210.0
Israel,ISR,2023,250.0
Italy,ITA,2015,2700.0
Italy,ITA,2016,3100.0
Italy,ITA,2017,2800.0
Italy,ITA,2018,2800.0
Italy,ITA,2019,2700.0
Italy,ITA,2020,1700.0
Italy,ITA,2021,2200.0
Italy,ITA,2022,1800.0
Italy,ITA,2023,2200.0
Jamaica,JAM,2015,130.0
Jamaica,JAM,2016,150.0
Jamaica,JAM,2017,140.0
Jamaica,JAM,2018,100.0
Jamaica,JAM,2019,95.0
Jamaica,JAM,2020,76.0
Jamaica,JAM,2021,85.0
Jamaica,JAM,2022,93.0
Jamaica,JAM,2023,150.0
Japan,JPN,2015,15000.0
Japan,JPN,2016,14000.0
Japan,JPN,2017,14000.0
Japan,JPN,2018,13000.0
Japan,JPN,2019,12000.0
Japan,JPN,2020,10000.0
Japan,JPN,2021,9100.0
Japan,JPN,2022,8100.0
Japan,JPN,2023,8200.0
Jordan,JOR,2015,340.0
Jordan,JOR,2016,310.0
Jordan,JOR,2017,630.0
Jordan,JOR,2018,460.0
Jordan,JOR,2019,280.0
Jordan,JOR,2020,400.0
Jordan,JOR,2021,290.0
Jordan,JOR,2022,310.0
Jordan,JOR,2023,310.0
Kazakhstan,KAZ,2015,23000.0
Kazakhstan,KAZ,2016,22000.0
Kazakhstan,KAZ,2017,22000.0
Kazakhstan,KAZ,2018,24000.0
Kazakhstan,KAZ,2019,21000.0
Kazakhstan,KAZ,2020,16000.0
Kazakhstan,KAZ,2021,17000.0
Kazakhstan,KAZ,2022,19000.0
Kazakhstan,KAZ,2023,17000.0
Kenya,KEN,2015,100000.0
Kenya,KEN,2016,120000.0
Kenya,KEN,2017,120000.0
Kenya,KEN,2018,120000.0
Kenya,KEN,2019,120000.0
Kenya,KEN,2020,110000.0
Kenya,KEN,2021,110000.0
Kenya,KEN,2022,120000.0
Kenya,KEN,2023,120000.0
Kiribati,KIR,2015,1300.0
Kiribati,KIR,2016,860.0
Kiribati,KIR,2017,880.0
Kiribati,KIR,2018,760.0
Kiribati,KIR,2019,920.0
Kiribati,KIR,2020,930.0
Kiribati,KIR,2021,900.0
Kiribati,KIR,2022,930.0
Kiribati,KIR,2023,1200.0
Kuwait,KWT,2015,2400.0
Kuwait,KWT,2016,1700.0
Kuwait,KWT,2017,1700.0
Kuwait,KWT,2018,1500.0
Kuwait,KWT,2019,1500.0
Kuwait,KWT,2020,1300.0
Kuwait,KWT,2021,1800.0
Kuwait,KWT,2022,1100.0
Kuwait,KWT,2023,980.0
Kyrgyzstan,KGZ,2015,9200.0
Kyrgyzstan,KGZ,2016,9200.0
Kyrgyzstan,KGZ,2017,9200.0
Kyrgyzstan,KGZ,2018,8800.0
Kyrgyzstan,KGZ,2019,8800.0
Kyrgyzstan,KGZ,2020,6500.0
Kyrgyzstan,KGZ,2021,6900.0
Kyrgyzstan,KGZ,2022,7200.0
Kyrgyzstan,KGZ,2023,7200.0
Lao People's Democratic Republic,LAO,2015,12000.0
Lao People's Democratic Republic,LAO,2016,13000.0
Lao People's Democratic Republic,LAO,2017,14000.0
Lao People's Democratic Republic,LAO,2018,14000.0
Lao People's Democratic Republic,LAO,2019,14000.0
Lao People's Democratic Republic,LAO,2020,16000.0
Lao People's Democratic Republic,LAO,2021,14000.0
Lao People's Democratic Republic,LAO,2022,19000.0
Lao People's Democratic Republic,LAO,2023,20000.0
Latvia,LVA,2015,650.0
Latvia,LVA,2016,610.0
Latvia,LVA,2017,520.0
Latvia,LVA,2018,
Latvia,LVA,2019,
Latvia,LVA,2020,
Latvia,LVA,2021,250.0
Latvia,LVA,2022,310.0
Latvia,LVA,2023,
Lebanon,LBN,2015,760.0
Lebanon,LBN,2016,920.0
Lebanon,LBN,2017,1000.0
Lebanon,LBN,2018,1000.0
Lebanon,LBN,2019,1300.0
Lebanon,LBN,2020,1100.0
Lebanon,LBN,2021,780.0
Lebanon,LBN,2022,840.0
Lebanon,LBN,2023,960.0
Lesotho,LSO,2015,8400.0
Lesotho,LSO,2016,9400.0
Lesotho,LSO,2017,9500.0
Lesotho,LSO,2018,11000.0
Lesotho,LSO,2019,12000.0
Lesotho,LSO,2020,7400.0
Lesotho,LSO,2021,7400.0
Lesotho,LSO,2022,8800.0
Lesotho,LSO,2023,8600.0
Liberia,LBR,2015,9400.0
Liberia,LBR,2016,10000.0
Liberia,LBR,2017,11000.0
Liberia,LBR,2018,11000.0
Liberia,LBR,2019,12000.0
Liberia,LBR,2020,13000.0
Liberia,LBR,2021,14000.0
Liberia,LBR,2022,15000.0
Liberia,LBR,2023,17000.0
Libya,LBY,2015,1900.0
Libya,LBY,2016,2100.0
Libya,LBY,2017,2100.0
Libya,LBY,2018,2900.0
Libya,LBY,2019,3300.0
Libya,LBY,2020,3100.0
Libya,LBY,2021,3400.0
Libya,LBY,2022,4500.0
Libya,LBY,2023,4900.0
Lithuania,LTU,2015,1400.0
Lithuania,LTU,2016,1400.0
Lithuania,LTU,2017,1300.0
Lithuania,LTU,2018,1100.0
Lithuania,LTU,2019,1100.0
Lithuania,LTU,2020,750.0
Lithuania,LTU,2021,700.0
Lithuania,LTU,2022,810.0
Lithuania,LTU,2023,760.0
Luxembourg,LUX,2015,26.0
Luxembourg,LUX,2016,29.0
Luxembourg,LUX,2017,28.0
Luxembourg,LUX,2018,38.0
Luxembourg,LUX,2019,43.0
Luxembourg,LUX,2020,30.0
Luxembourg,LUX,2021,34.0
Luxembourg,LUX,2022,41.0
Luxembourg,LUX,2023,37.0
Madagascar,MDG,2015,69000.0
Madagascar,MDG,2016,68000.0
Madagascar,MDG,2017,72000.0
Madagascar,MDG,2018,76000.0
Madagascar,MDG,2019,84000.0
Madagascar,MDG,2020,82000.0
Madagascar,MDG,2021,91000.0
Madagascar,MDG,2022,100000.0
Madagascar,MDG,2023,100000.0
Malawi,MWI,2015,21000.0
Malawi,MWI,2016,22000.0
Malawi,MWI,2017,22000.0
Malawi,MWI,2018,20000.0
Malawi,MWI,2019,21000.0
Malawi,MWI,2020,21000.0
Malawi,MWI,2021,21000.0
Malawi,MWI,2022,24000.0
Malawi,MWI,2023,27000.0
Malaysia,MYS,2015,52000.0
Malaysia,MYS,2016,55000.0
Malaysia,MYS,2017,54000.0
Malaysia,MYS,2018,53000.0
Malaysia,MYS,2019,54000.0
Malaysia,MYS,2020,48000.0
Malaysia,MYS,2021,44000.0
Malaysia,MYS,2022,51000.0
Malaysia,MYS,2023,53000.0
Maldives,MDV,2015,470.0
Maldives,MDV,2016,330.0
Maldives,MDV,2017,410.0
Maldives,MDV,2018,440.0
Maldives,MDV,2019,470.0
Maldives,MDV,2020,290.0
Maldives,MDV,2021,200.0
Maldives,MDV,2022,160.0
Maldives,MDV,2023,210.0
Mali,MLI,2015,22000.0
Mali,MLI,2016,21000.0
Mali,MLI,2017,20000.0
Mali,MLI,2018,22000.0
Mali,MLI,2019,22000.0
Mali,MLI,2020,21000.0
Mali,MLI,2021,22000.0
Mali,MLI,2022,24000.0
Mali,MLI,2023,25000.0
Malta,MLT,2015,27.0
Malta,MLT,2016,52.0
Malta,MLT,2017,39.0
Malta,MLT,2018,45.0
Malta,MLT,2019,71.0
Malta,MLT,2020,82.0
Malta,MLT,2021,45.0
Malta,MLT,2022,49.0
Malta,MLT,2023,50.0
Mauritania,MRT,2015,6000.0
Mauritania,MRT,2016,5900.0
Mauritania,MRT,2017,6300.0
Mauritania,MRT,2018,5600.0
Mauritania,MRT,2019,5800.0
Mauritania,MRT,2020,5700.0
Mauritania,MRT,2021,5800.0
Mauritania,MRT,2022,5700.0
Mauritania,MRT,2023,5800.0
Mauritius,MUS,2015,280.0
Mauritius,MUS,2016,270.0
Mauritius,MUS,2017,260.0
Mauritius,MUS,2018,280.0
Mauritius,MUS,2019,260.0
Mauritius,MUS,2020,200.0
Mauritius,MUS,2021,200.0
Mauritius,MUS,2022,270.0
Mauritius,MUS,2023,230.0
Mexico,MEX,2015,38000.0
Mexico,MEX,2016,39000.0
Mexico,MEX,2017,39000.0
Mexico,MEX,2018,40000.0
Mexico,MEX,2019,40000.0
Mexico,MEX,2020,27000.0
Mexico,MEX,2021,33000.0
Mexico,MEX,2022,41000.0
Mexico,MEX,2023,44000.0
Monaco,MCO,2015,0.0
Monaco,MCO,2016,0.0
Monaco,MCO,2017,0.0
Monaco,MCO,2018,0.0
Monaco,MCO,2019,0.0
Monaco,MCO,2020,0.0
Monaco,MCO,2021,0.0
Monaco,MCO,2022,
Monaco,MCO,2023,
Mongolia,MNG,2015,5200.0
Mongolia,MNG,2016,4600.0
Mongolia,MNG,2017,4600.0
Mongolia,MNG,2018,4500.0
Mongolia,MNG,2019,5200.0
Mongolia,MNG,2020,4800.0
Mongolia,MNG,2021,3300.0
Mongolia,MNG,2022,4000.0
Mongolia,MNG,2023,4600.0
Montenegro,MNE,2015,120.0
Montenegro,MNE,2016,130.0
Montenegro,MNE,2017,130.0
Montenegro,MNE,2018,140.0
Montenegro,MNE,2019,150.0
Montenegro,MNE,2020,67.0
Montenegro,MNE,2021,130.0
Montenegro,MNE,2022,130.0
Montenegro,MNE,2023,110.0
Morocco,MAR,2015,47000.0
Morocco,MAR,2016,50000.0
Morocco,MAR,2017,46000.0
Morocco,MAR,2018,47000.0
Morocco,MAR,2019,47000.0
Morocco,MAR,2020,46000.0
Morocco,MAR,2021,49000.0
Morocco,MAR,2022,49000.0
Morocco,MAR,2023,54000.0
Mozambique,MOZ,2015,87000.0
Mozambique,MOZ,2016,99000.0
Mozambique,MOZ,2017,110000.0
Mozambique,MOZ,2018,110000.0
Mozambique,MOZ,2019,110000.0
Mozambique,MOZ,2020,110000.0
Mozambique,MOZ,2021,120000.0
Mozambique,MOZ,2022,150000.0
Mozambique,MOZ,2023,180000.0
Myanmar,MMR,2015,140000.0
Myanmar,MMR,2016,150000.0
Myanmar,MMR,2017,150000.0
Myanmar,MMR,2018,170000.0
Myanmar,MMR,2019,170000.0
Myanmar,MMR,2020,140000.0
Myanmar,MMR,2021,81000.0
Myanmar,MMR,2022,150000.0
Myanmar,MMR,2023,160000.0
Namibia,NAM,2015,19000.0
Namibia,NAM,2016,18000.0
Namibia,NAM,2017,18000.0
Namibia,NAM,2018,16000.0
Namibia,NAM,2019,15000.0
Namibia,NAM,2020,14000.0
Namibia,NAM,2021,15000.0
Namibia,NAM,2022,18000.0
Namibia,NAM,2023,19000.0
Nepal,NPL,2015,55000.0
Nepal,NPL,2016,53000.0
Nepal,NPL,2017,52000.0
Nepal,NPL,2018,56000.0
Nepal,NPL,2019,56000.0
Nepal,NPL,2020,46000.0
Nepal,NPL,2021,49000.0
Nepal,NPL,2022,66000.0
Nepal,NPL,2023,65000.0
Netherlands (Kingdom of the),NLD,2015,460.0
Netherlands (Kingdom of the),NLD,2016,410.0
Netherlands (Kingdom of the),NLD,2017,420.0
Netherlands (Kingdom of the),NLD,2018,440.0
Netherlands (Kingdom of the),NLD,2019,420.0
Netherlands (Kingdom of the),NLD,2020,330.0
Netherlands (Kingdom of the),NLD,2021,380.0
Netherlands (Kingdom of the),NLD,2022,380.0
Netherlands (Kingdom of the),NLD,2023,450.0
New Zealand,NZL,2015,210.0
New Zealand,NZL,2016,220.0
New Zealand,NZL,2017,250.0
New Zealand,NZL,2018,240.0
New Zealand,NZL,2019,270.0
New Zealand,NZL,2020,230.0
New Zealand,NZL,2021,210.0
New Zealand,NZL,2022,230.0
New Zealand,NZL,2023,230.0
Nicaragua,NIC,2015,6300.0
Nicaragua,NIC,2016,5900.0
Nicaragua,NIC,2017,6300.0
Nicaragua,NIC,2018,5900.0
Nicaragua,NIC,2019,6200.0
Nicaragua,NIC,2020,5300.0
Nicaragua,NIC,2021,5300.0
Nicaragua,NIC,2022,6000.0
Nicaragua,NIC,2023,6100.0
Niger,NER,2015,35000.0
Niger,NER,2016,36000.0
Niger,NER,2017,39000.0
Niger,NER,2018,40000.0
Niger,NER,2019,43000.0
Niger,NER,2020,43000.0
Niger,NER,2021,49000.0
Niger,NER,2022,54000.0
Niger,NER,2023,60000.0
Nigeria,NGA,2015,190000.0
Nigeria,NGA,2016,230000.0
Nigeria,NGA,2017,260000.0
Nigeria,NGA,2018,270000.0
Nigeria,NGA,2019,290000.0
Nigeria,NGA,2020,350000.0
Nigeria,NGA,2021,550000.0
Nigeria,NGA,2022,790000.0
Nigeria,NGA,2023,1000000.0
North Macedonia,MKD,2015,450.0
North Macedonia,MKD,2016,410.0
North Macedonia,MKD,2017,350.0
North Macedonia,MKD,2018,340.0
North Macedonia,MKD,2019,320.0
North Macedonia,MKD,2020,240.0
North Macedonia,MKD,2021,250.0
North Macedonia,MKD,2022,280.0
North Macedonia,MKD,2023,250.0
Norway,NOR,2015,200.0
Norway,NOR,2016,170.0
Norway,NOR,2017,160.0
Norway,NOR,2018,120.0
Norway,NOR,2019,100.0
Norway,NOR,2020,93.0
Norway,NOR,2021,79.0
Norway,NOR,2022,110.0
Norway,NOR,2023,110.0
"occupied Palestinian territory, including east Jerusalem",PSE,2015,43.0
"occupied Palestinian territory, including east Jerusalem",PSE,2016,140.0
"occupied Palestinian territory, including east Jerusalem",PSE,2017,110.0
"occupied Palestinian territory, including east Jerusalem",PSE,2018,70.0
"occupied Palestinian territory, including east Jerusalem",PSE,2019,50.0
"occupied Palestinian territory, including east Jerusalem",PSE,2020,50.0
"occupied Palestinian territory, including east Jerusalem",PSE,2021,58.0
"occupied Palestinian territory, including east Jerusalem",PSE,2022,58.0
"occupied Palestinian territory, including east Jerusalem",PSE,2023,46.0
Oman,OMN,2015,1500.0
Oman,OMN,2016,1500.0
Oman,OMN,2017,1300.0
Oman,OMN,2018,1200.0
Oman,OMN,2019,2000.0
Oman,OMN,2020,1600.0
Oman,OMN,2021,1100.0
Oman,OMN,2022,2100.0
Oman,OMN,2023,3000.0
Pakistan,PAK,2015,740000.0
Pakistan,PAK,2016,760000.0
Pakistan,PAK,2017,770000.0
Pakistan,PAK,2018,770000.0
Pakistan,PAK,2019,730000.0
Pakistan,PAK,2020,610000.0
Pakistan,PAK,2021,800000.0
Pakistan,PAK,2022,990000.0
Pakistan,PAK,2023,1100000.0
Panama,PAN,2015,2100.0
Panama,PAN,2016,2300.0
Panama,PAN,2017,2600.0
Panama,PAN,2018,2600.0
Panama,PAN,2019,1400.0
Panama,PAN,2020,1500.0
Panama,PAN,2021,2200.0
Panama,PAN,2022,2600.0
Panama,PAN,2023,3300.0
Papua New Guinea,PNG,2015,18000.0
Papua New Guinea,PNG,2016,20000.0
Papua New Guinea,PNG,2017,17000.0
Papua New Guinea,PNG,2018,20000.0
Papua New Guinea,PNG,2019,26000.0
Papua New Guinea,PNG,2020,27000.0
Papua New Guinea,PNG,2021,23000.0
Papua New Guinea,PNG,2022,31000.0
Papua New Guinea,PNG,2023,41000.0
Paraguay,PRY,2015,4600.0
Paraguay,PRY,2016,4600.0
Paraguay,PRY,2017,5000.0
Paraguay,PRY,2018,4700.0
Paraguay,PRY,2019,5200.0
Paraguay,PRY,2020,4100.0
Paraguay,PRY,2021,5300.0
Paraguay,PRY,2022,6400.0
Paraguay,PRY,2023,7200.0
Peru,PER,2015,46000.0
Peru,PER,2016,46000.0
Peru,PER,2017,46000.0
Peru,PER,2018,46000.0
Peru,PER,2019,45000.0
Peru,PER,2020,35000.0
Peru,PER,2021,38000.0
Peru,PER,2022,44000.0
Peru,PER,2023,52000.0
Philippines,PHL,2015,300000.0
Philippines,PHL,2016,370000.0
Philippines,PHL,2017,370000.0
Philippines,PHL,2018,400000.0
Philippines,PHL,2019,420000.0
Philippines,PHL,2020,330000.0
Philippines,PHL,2021,420000.0
Philippines,PHL,2022,630000.0
Philippines,PHL,2023,770000.0
Poland,POL,2015,7600.0
Poland,POL,2016,7500.0
Poland,POL,2017,6800.0
Poland,POL,2018,6500.0
Poland,POL,2019,6400.0
Poland,POL,2020,4200.0
Poland,POL,2021,4800.0
Poland,POL,2022,5700.0
Poland,POL,2023,5800.0
Portugal,PRT,2015,1900.0
Portugal,PRT,2016,1700.0
Portugal,PRT,2017,1600.0
Portugal,PRT,2018,1700.0
Portugal,PRT,2019,1600.0
Portugal,PRT,2020,1300.0
Portugal,PRT,2021,1400.0
Portugal,PRT,2022,1400.0
Portugal,PRT,2023,1300.0
Puerto Rico,PRI,2015,52.0
Puerto Rico,PRI,2016,71.0
Puerto Rico,PRI,2017,47.0
Puerto Rico,PRI,2018,27.0
Puerto Rico,PRI,2019,49.0
Puerto Rico,PRI,2020,36.0
Puerto Rico,PRI,2021,24.0
Puerto Rico,PRI,2022,30.0
Puerto Rico,PRI,2023,24.0
Qatar,QAT,2015,560.0
Qatar,QAT,2016,920.0
Qatar,QAT,2017,1200.0
Qatar,QAT,2018,1200.0
Qatar,QAT,2019,1500.0
Qatar,QAT,2020,1300.0
Qatar,QAT,2021,1400.0
Qatar,QAT,2022,1300.0
Qatar,QAT,2023,1400.0
Republic of Korea,KOR,2015,25000.0
Republic of Korea,KOR,2016,25000.0
Republic of Korea,KOR,2017,25000.0
Republic of Korea,KOR,2018,24000.0
Republic of Korea,KOR,2019,22000.0
Republic of Korea,KOR,2020,18000.0
Republic of Korea,KOR,2021,17000.0
Republic of Korea,KOR,2022,15000.0
Republic of Korea,KOR,2023,15000.0
Republic of Moldova,MDA,2015,3700.0
Republic of Moldova,MDA,2016,3600.0
Republic of Moldova,MDA,2017,3300.0
Republic of Moldova,MDA,2018,3300.0
Republic of Moldova,MDA,2019,3200.0
Republic of Moldova,MDA,2020,2000.0
Republic of Moldova,MDA,2021,2400.0
Republic of Moldova,MDA,2022,2500.0
Republic of Moldova,MDA,2023,2500.0
Romania,ROU,2015,15000.0
Romania,ROU,2016,14000.0
Romania,ROU,2017,14000.0
Romania,ROU,2018,13000.0
Romania,ROU,2019,13000.0
Romania,ROU,2020,8300.0
Romania,ROU,2021,9300.0
Romania,ROU,2022,11000.0
Romania,ROU,2023,11000.0
Russian Federation,RUS,2015,68000.0
Russian Federation,RUS,2016,63000.0
Russian Federation,RUS,2017,60000.0
Russian Federation,RUS,2018,57000.0
Russian Federation,RUS,2019,54000.0
Russian Federation,RUS,2020,43000.0
Russian Federation,RUS,2021,43000.0
Russian Federation,RUS,2022,44000.0
Russian Federation,RUS,2023,43000.0
Rwanda,RWA,2015,13000.0
Rwanda,RWA,2016,14000.0
Rwanda,RWA,2017,13000.0
Rwanda,RWA,2018,13000.0
Rwanda,RWA,2019,13000.0
Rwanda,RWA,2020,12000.0
Rwanda,RWA,2021,12000.0
Rwanda,RWA,2022,16000.0
Rwanda,RWA,2023,20000.0
Saint Lucia,LCA,2015,25.0
Saint Lucia,LCA,2016,5.3
Saint Lucia,LCA,2017,20.0
Saint Lucia,LCA,2018,8.9
Saint Lucia,LCA,2019,11.0
Saint Lucia,LCA,2020,12.0
Saint Lucia,LCA,2021,3.6
Saint Lucia,LCA,2022,3.6
Saint Lucia,LCA,2023,3.6
Samoa,WSM,2015,75.0
Samoa,WSM,2016,43.0
Samoa,WSM,2017,70.0
Samoa,WSM,2018,37.0
Samoa,WSM,2019,75.0
Samoa,WSM,2020,59.0
Samoa,WSM,2021,70.0
Samoa,WSM,2022,48.0
Samoa,WSM,2023,
Sao Tome and Principe,STP,2015,180.0
Sao Tome and Principe,STP,2016,170.0
Sao Tome and Principe,STP,2017,130.0
Sao Tome and Principe,STP,2018,150.0
Sao Tome and Principe,STP,2019,120.0
Sao Tome and Principe,STP,2020,150.0
Sao Tome and Principe,STP,2021,130.0
Sao Tome and Principe,STP,2022,260.0
Sao Tome and Principe,STP,2023,170.0
Saudi Arabia,SAU,2015,9600.0
Saudi Arabia,SAU,2016,8000.0
Saudi Arabia,SAU,2017,7900.0
Saudi Arabia,SAU,2018,9300.0
Saudi Arabia,SAU,2019,8800.0
Saudi Arabia,SAU,2020,7600.0
Saudi Arabia,SAU,2021,8000.0
Saudi Arabia,SAU,2022,8500.0
Saudi Arabia,SAU,2023,8400.0
Senegal,SEN,2015,72000.0
Senegal,SEN,2016,72000.0
Senegal,SEN,2017,74000.0
Senegal,SEN,2018,76000.0
Senegal,SEN,2019,77000.0
Senegal,SEN,2020,74000.0
Senegal,SEN,2021,81000.0
Senegal,SEN,2022,89000.0
Senegal,SEN,2023,98000.0
Serbia,SRB,2015,1500.0
Serbia,SRB,2016,1400.0
Serbia,SRB,2017,1400.0
Serbia,SRB,2018,1300.0
Serbia,SRB,2019,990.0
Serbia,SRB,2020,250.0
Serbia,SRB,2021,330.0
Serbia,SRB,2022,1000.0
Serbia,SRB,2023,950.0
Seychelles,SYC,2015,13.0
Seychelles,SYC,2016,16.0
Seychelles,SYC,2017,37.0
Seychelles,SYC,2018,40.0
Seychelles,SYC,2019,26.0
Seychelles,SYC,2020,18.0
Seychelles,SYC,2021,26.0
Seychelles,SYC,2022,24.0
Seychelles,SYC,2023,55.0
Sierra Leone,SLE,2015,32000.0
Sierra Leone,SLE,2016,46000.0
Sierra Leone,SLE,2017,40000.0
Sierra Leone,SLE,2018,42000.0
Sierra Leone,SLE,2019,43000.0
Sierra Leone,SLE,2020,40000.0
Sierra Leone,SLE,2021,47000.0
Sierra Leone,SLE,2022,52000.0
Sierra Leone,SLE,2023,61000.0
Singapore,SGP,2015,2100.0
Singapore,SGP,2016,2400.0
Singapore,SGP,2017,2300.0
Singapore,SGP,2018,2300.0
Singapore,SGP,2019,2100.0
Singapore,SGP,2020,2100.0
Singapore,SGP,2021,2100.0
Singapore,SGP,2022,2100.0
Singapore,SGP,2023,2000.0
Sint Maarten (Dutch part),SXM,2015,0.0
Sint Maarten (Dutch part),SXM,2016,0.0
Sint Maarten (Dutch part),SXM,2017,4.4
Sint Maarten (Dutch part),SXM,2018,3.0
Sint Maarten (Dutch part),SXM,2019,7.4
Sint Maarten (Dutch part),SXM,2020,1.5
Sint Maarten (Dutch part),SXM,2021,1.5
Sint Maarten (Dutch part),SXM,2022,3.0
Sint Maarten (Dutch part),SXM,2023,4.4
Slovakia,SVK,2015,300.0
Slovakia,SVK,2016,260.0
Slovakia,SVK,2017,240.0
Slovakia,SVK,2018,290.0
Slovakia,SVK,2019,220.0
Slovakia,SVK,2020,130.0
Slovakia,SVK,2021,150.0
Slovakia,SVK,2022,140.0
Slovakia,SVK,2023,200.0
Slovenia,SVN,2015,130.0
Slovenia,SVN,2016,130.0
Slovenia,SVN,2017,120.0
Slovenia,SVN,2018,110.0
Slovenia,SVN,2019,110.0
Slovenia,SVN,2020,85.0
Slovenia,SVN,2021,88.0
Slovenia,SVN,2022,78.0
Slovenia,SVN,2023,99.0
Solomon Islands,SLB,2015,740.0
Solomon Islands,SLB,2016,550.0
Solomon Islands,SLB,2017,540.0
Solomon Islands,SLB,2018,780.0
Solomon Islands,SLB,2019,670.0
Solomon Islands,SLB,2020,720.0
Solomon Islands,SLB,2021,630.0
Solomon Islands,SLB,2022,770.0
Solomon Islands,SLB,2023,810.0
Somalia,SOM,2015,34000.0
Somalia,SOM,2016,32000.0
Somalia,SOM,2017,38000.0
Somalia,SOM,2018,37000.0
Somalia,SOM,2019,39000.0
Somalia,SOM,2020,41000.0
Somalia,SOM,2021,41000.0
Somalia,SOM,2022,45000.0
Somalia,SOM,2023,45000.0
South Africa,ZAF,2015,350000.0
South Africa,ZAF,2016,320000.0
South Africa,ZAF,2017,330000.0
South Africa,ZAF,2018,320000.0
South Africa,ZAF,2019,310000.0
South Africa,ZAF,2020,230000.0
South Africa,ZAF,2021,230000.0
South Africa,ZAF,2022,290000.0
South Africa,ZAF,2023,270000.0
South Sudan,SSD,2015,21000.0
South Sudan,SSD,2016,26000.0
South Sudan,SSD,2017,21000.0
South Sudan,SSD,2018,34000.0
South Sudan,SSD,2019,35000.0
South Sudan,SSD,2020,37000.0
South Sudan,SSD,2021,41000.0
South Sudan,SSD,2022,46000.0
South Sudan,SSD,2023,60000.0
Spain,ESP,2015,3600.0
Spain,ESP,2016,4300.0
Spain,ESP,2017,4000.0
Spain,ESP,2018,4100.0
Spain,ESP,2019,3600.0
Spain,ESP,2020,2400.0
Spain,ESP,2021,3100.0
Spain,ESP,2022,2300.0
Spain,ESP,2023,3600.0
Sri Lanka,LKA,2015,13000.0
Sri Lanka,LKA,2016,12000.0
Sri Lanka,LKA,2017,12000.0
Sri Lanka,LKA,2018,12000.0
Sri Lanka,LKA,2019,13000.0
Sri Lanka,LKA,2020,11000.0
Sri Lanka,LKA,2021,10000.0
Sri Lanka,LKA,2022,12000.0
Sri Lanka,LKA,2023,14000.0
Sudan,SDN,2015,31000.0
Sudan,SDN,2016,34000.0
Sudan,SDN,2017,35000.0
Sudan,SDN,2018,35000.0
Sudan,SDN,2019,40000.0
Sudan,SDN,2020,37000.0
Sudan,SDN,2021,38000.0
Sudan,SDN,2022,41000.0
Sudan,SDN,2023,25000.0
Suriname,SUR,2015,250.0
Suriname,SUR,2016,220.0
Suriname,SUR,2017,240.0
Suriname,SUR,2018,300.0
Suriname,SUR,2019,260.0
Suriname,SUR,2020,200.0
Suriname,SUR,2021,200.0
Suriname,SUR,2022,270.0
Suriname,SUR,2023,250.0
Sweden,SWE,2015,500.0
Sweden,SWE,2016,470.0
Sweden,SWE,2017,310.0
Sweden,SWE,2018,330.0
Sweden,SWE,2019,320.0
Sweden,SWE,2020,210.0
Sweden,SWE,2021,220.0
Sweden,SWE,2022,270.0
Sweden,SWE,2023,230.0
Switzerland,CHE,2015,380.0
Switzerland,CHE,2016,420.0
Switzerland,CHE,2017,400.0
Switzerland,CHE,2018,370.0
Switzerland,CHE,2019,300.0
Switzerland,CHE,2020,280.0
Switzerland,CHE,2021,370.0
Switzerland,CHE,2022,360.0
Switzerland,CHE,2023,420.0
Syrian Arab Republic,SYR,2015,5900.0
Syrian Arab Republic,SYR,2016,5500.0
Syrian Arab Republic,SYR,2017,4800.0
Syrian Arab Republic,SYR,2018,4500.0
Syrian Arab Republic,SYR,2019,4200.0
Syrian Arab Republic,SYR,2020,5900.0
Syrian Arab Republic,SYR,2021,6700.0
Syrian Arab Republic,SYR,2022,5800.0
Syrian Arab Republic,SYR,2023,6700.0
Tajikistan,TJK,2015,14000.0
Tajikistan,TJK,2016,14000.0
Tajikistan,TJK,2017,13000.0
Tajikistan,TJK,2018,14000.0
Tajikistan,TJK,2019,13000.0
Tajikistan,TJK,2020,9100.0
Tajikistan,TJK,2021,9900.0
Tajikistan,TJK,2022,9600.0
Tajikistan,TJK,2023,9800.0
Thailand,THA,2015,58000.0
Thailand,THA,2016,61000.0
Thailand,THA,2017,63000.0
Thailand,THA,2018,74000.0
Thailand,THA,2019,82000.0
Thailand,THA,2020,80000.0
Thailand,THA,2021,73000.0
Thailand,THA,2022,78000.0
Thailand,THA,2023,86000.0
Timor-Leste,TLS,2015,6700.0
Timor-Leste,TLS,2016,7600.0
Timor-Leste,TLS,2017,7900.0
Timor-Leste,TLS,2018,7100.0
Timor-Leste,TLS,2019,7100.0
Timor-Leste,TLS,2020,6300.0
Timor-Leste,TLS,2021,6400.0
Timor-Leste,TLS,2022,10000.0
Timor-Leste,TLS,2023,12000.0
Togo,TGO,2015,6600.0
Togo,TGO,2016,6900.0
Togo,TGO,2017,6800.0
Togo,TGO,2018,6400.0
Togo,TGO,2019,6800.0
Togo,TGO,2020,6100.0
Togo,TGO,2021,6600.0
Togo,TGO,2022,8300.0
Togo,TGO,2023,8500.0
Tokelau,TKL,2015,0.0
Tokelau,TKL,2016,0.0
Tokelau,TKL,2017,0.0
Tokelau,TKL,2018,
Tokelau,TKL,2019,
Tokelau,TKL,2020,0.0
Tokelau,TKL,2021,0.0
Tokelau,TKL,2022,
Tokelau,TKL,2023,0.0
Tonga,TON,2015,25.0
Tonga,TON,2016,20.0
Tonga,TON,2017,29.0
Tonga,TON,2018,29.0
Tonga,TON,2019,16.0
Tonga,TON,2020,20.0
Tonga,TON,2021,29.0
Tonga,TON,2022,8.2
Tonga,TON,2023,25.0
Trinidad and Tobago,TTO,2015,290.0
Trinidad and Tobago,TTO,2016,270.0
Trinidad and Tobago,TTO,2017,260.0
Trinidad and Tobago,TTO,2018,350.0
Trinidad and Tobago,TTO,2019,330.0
Trinidad and Tobago,TTO,2020,320.0
Trinidad and Tobago,TTO,2021,230.0
Trinidad and Tobago,TTO,2022,290.0
Trinidad and Tobago,TTO,2023,340.0
Tunisia,TUN,2015,3300.0
Tunisia,TUN,2016,3000.0
Tunisia,TUN,2017,2600.0
Tunisia,TUN,2018,2900.0
Tunisia,TUN,2019,2900.0
Tunisia,TUN,2020,2200.0
Tunisia,TUN,2021,2200.0
Tunisia,TUN,2022,2900.0
Tunisia,TUN,2023,2600.0
Türkiye,TUR,2015,18000.0
Türkiye,TUR,2016,18000.0
Türkiye,TUR,2017,18000.0
Türkiye,TUR,2018,17000.0
Türkiye,TUR,2019,17000.0
Türkiye,TUR,2020,13000.0
Türkiye,TUR,2021,13000.0
Türkiye,TUR,2022,14000.0
Türkiye,TUR,2023,14000.0
Turkmenistan,TKM,2015,4200.0
Turkmenistan,TKM,2016,3700.0
Turkmenistan,TKM,2017,2800.0
Turkmenistan,TKM,2018,3100.0
Turkmenistan,TKM,2019,3200.0
Turkmenistan,TKM,2020,2900.0
Turkmenistan,TKM,2021,3000.0
Turkmenistan,TKM,2022,3900.0
Turkmenistan,TKM,2023,
Turks and Caicos Islands,TCA,2015,2.6
Turks and Caicos Islands,TCA,2016,2.6
Turks and Caicos Islands,TCA,2017,3.8
Turks and Caicos Islands,TCA,2018,1.3
Turks and Caicos Islands,TCA,2019,5.1
Turks and Caicos Islands,TCA,2020,
Turks and Caicos Islands,TCA,2021,0.0
Turks and Caicos Islands,TCA,2022,
Turks and Caicos Islands,TCA,2023,9.0
Tuvalu,TUV,2015,43.0
Tuvalu,TUV,2016,67.0
Tuvalu,TUV,2017,53.0
Tuvalu,TUV,2018,67.0
Tuvalu,TUV,2019,77.0
Tuvalu,TUV,2020,96.0
Tuvalu,TUV,2021,87.0
Tuvalu,TUV,2022,82.0
Tuvalu,TUV,2023,63.0
Uganda,UGA,2015,100000.0
Uganda,UGA,2016,100000.0
Uganda,UGA,2017,100000.0
Uganda,UGA,2018,110000.0
Uganda,UGA,2019,120000.0
Uganda,UGA,2020,120000.0
Uganda,UGA,2021,150000.0
Uganda,UGA,2022,210000.0
Uganda,UGA,2023,210000.0
Ukraine,UKR,2015,27000.0
Ukraine,UKR,2016,26000.0
Ukraine,UKR,2017,24000.0
Ukraine,UKR,2018,24000.0
Ukraine,UKR,2019,24000.0
Ukraine,UKR,2020,17000.0
Ukraine,UKR,2021,18000.0
Ukraine,UKR,2022,18000.0
Ukraine,UKR,2023,19000.0
United Arab Emirates,ARE,2015,160.0
United Arab Emirates,ARE,2016,140.0
United Arab Emirates,ARE,2017,170.0
United Arab Emirates,ARE,2018,170.0
United Arab Emirates,ARE,2019,140.0
United Arab Emirates,ARE,2020,120.0
United Arab Emirates,ARE,2021,120.0
United Arab Emirates,ARE,2022,120.0
United Arab Emirates,ARE,2023,110.0
United Kingdom of Great Britain and Northern Ireland,GBR,2015,3000.0
United Kingdom of Great Britain and Northern Ireland,GBR,2016,3100.0
United Kingdom of Great Britain and Northern Ireland,GBR,2017,2800.0
United Kingdom of Great Britain and Northern Ireland,GBR,2018,2700.0
United Kingdom of Great Britain and Northern Ireland,GBR,2019,2700.0
United Kingdom of Great Britain and Northern Ireland,GBR,2020,2300.0
United Kingdom of Great Britain and Northern Ireland,GBR,2021,2600.0
United Kingdom of Great Britain and Northern Ireland,GBR,2022,2700.0
United Kingdom of Great Britain and Northern Ireland,GBR,2023,3100.0
United Republic of Tanzania,TZA,2015,93000.0
United Republic of Tanzania,TZA,2016,100000.0
United Republic of Tanzania,TZA,2017,100000.0
United Republic of Tanzania,TZA,2018,100000.0
United Republic of Tanzania,TZA,2019,100000.0
United Republic of Tanzania,TZA,2020,110000.0
United Republic of Tanzania,TZA,2021,110000.0
United Republic of Tanzania,TZA,2022,120000.0
United Republic of Tanzania,TZA,2023,140000.0
United States of America,USA,2015,8400.0
United States of America,USA,2016,8200.0
United States of America,USA,2017,8200.0
United States of America,USA,2018,8100.0
United States of America,USA,2019,8100.0
United States of America,USA,2020,6500.0
United States of America,USA,2021,7200.0
United States of America,USA,2022,7500.0
United States of America,USA,2023,9100.0
Uruguay,URY,2015,1200.0
Uruguay,URY,2016,1100.0
Uruguay,URY,2017,1200.0
Uruguay,URY,2018,1200.0
Uruguay,URY,2019,1400.0
Uruguay,URY,2020,1200.0
Uruguay,URY,2021,1300.0
Uruguay,URY,2022,1500.0
Uruguay,URY,2023,1700.0
Uzbekistan,UZB,2015,19000.0
Uzbekistan,UZB,2016,20000.0
Uzbekistan,UZB,2017,23000.0
Uzbekistan,UZB,2018,24000.0
Uzbekistan,UZB,2019,25000.0
Uzbekistan,UZB,2020,19000.0
Uzbekistan,UZB,2021,24000.0
Uzbekistan,UZB,2022,25000.0
Uzbekistan,UZB,2023,26000.0
Vanuatu,VUT,2015,130.0
Vanuatu,VUT,2016,160.0
Vanuatu,VUT,2017,180.0
Vanuatu,VUT,2018,160.0
Vanuatu,VUT,2019,200.0
Vanuatu,VUT,2020,180.0
Vanuatu,VUT,2021,170.0
Vanuatu,VUT,2022,230.0
Vanuatu,VUT,2023,230.0
Venezuela (Bolivarian Republic of),VEN,2015,13000.0
Venezuela (Bolivarian Republic of),VEN,2016,16000.0
Venezuela (Bolivarian Republic of),VEN,2017,23000.0
Venezuela (Bolivarian Republic of),VEN,2018,23000.0
Venezuela (Bolivarian Republic of),VEN,2019,22000.0
Venezuela (Bolivarian Republic of),VEN,2020,20000.0
Venezuela (Bolivarian Republic of),VEN,2021,20000.0
Venezuela (Bolivarian Republic of),VEN,2022,23000.0
Venezuela (Bolivarian Republic of),VEN,2023,26000.0
Viet Nam,VNM,2015,130000.0
Viet Nam,VNM,2016,130000.0
Viet Nam,VNM,2017,130000.0
Viet Nam,VNM,2018,130000.0
Viet Nam,VNM,2019,130000.0
Viet Nam,VNM,2020,140000.0
Viet Nam,VNM,2021,110000.0
Viet Nam,VNM,2022,160000.0
Viet Nam,VNM,2023,170000.0
Yemen,YEM,2015,15000.0
Yemen,YEM,2016,18000.0
Yemen,YEM,2017,19000.0
Yemen,YEM,2018,17000.0
Yemen,YEM,2019,16000.0
Yemen,YEM,2020,14000.0
Yemen,YEM,2021,14000.0
Yemen,YEM,2022,17000.0
Yemen,YEM,2023,17000.0
Zambia,ZMB,2015,54000.0
Zambia,ZMB,2016,60000.0
Zambia,ZMB,2017,61000.0
Zambia,ZMB,2018,65000.0
Zambia,ZMB,2019,68000.0
Zambia,ZMB,2020,71000.0
Zambia,ZMB,2021,83000.0
Zambia,ZMB,2022,95000.0
Zambia,ZMB,2023,110000.0
Zimbabwe,ZWE,2015,36000.0
Zimbabwe,ZWE,2016,38000.0
Zimbabwe,ZWE,2017,38000.0
Zimbabwe,ZWE,2018,35000.0
Zimbabwe,ZWE,2019,30000.0
Zimbabwe,ZWE,2020,24000.0
Zimbabwe,ZWE,2021,25000.0
Zimbabwe,ZWE,2022,29000.0
Zimbabwe,ZWE,2023,29000.0
